{"count":1,"self":2866.243584,"total":9547.5299335,"children":{"InitializeActuators":{"count":10,"self":0.0039987999999999994,"total":0.0039987999999999994,"children":null},"InitializeSensors":{"count":10,"self":0.0050008,"total":0.0050008,"children":null},"AgentSendState":{"count":2500651,"self":314.283136,"total":464.8670702,"children":{"CollectObservations":{"count":5001310,"self":32.8061696,"total":32.806169499999996,"children":null},"WriteActionMask":{"count":5001310,"self":5.0890552,"total":5.0890553999999995,"children":null},"RequestDecision":{"count":5001310,"self":20.5771232,"total":112.6887094,"children":{"AgentInfo.ToProto":{"count":5001310,"self":20.248140799999998,"total":92.1115856,"children":{"GenerateSensorData":{"count":5001310,"self":61.1824448,"total":71.863445,"children":{"RayPerceptionSensor.Perceive":{"count":5001310,"self":10.6810008,"total":10.6810011,"children":null}}}}}}}}},"DecideAction":{"count":2500651,"self":6098.9530111999993,"total":6098.95283,"children":null},"AgentAct":{"count":2500651,"self":117.37646079999999,"total":117.4564607,"children":{"AgentInfo.ToProto":{"count":5000,"self":0.015001599999999999,"total":0.0799954,"children":{"GenerateSensorData":{"count":5000,"self":0.0549816,"total":0.06499379999999999,"children":{"RayPerceptionSensor.Perceive":{"count":5000,"self":0.010012199999999999,"total":0.010012199999999999,"children":null}}}}}}}},"gauges":{"Kart.CumulativeReward":{"count":5000,"max":5,"min":-17,"runningAverage":3.96389985,"value":5,"weightedAverage":4.999999}},"metadata":{"timer_format_version":"0.1.0","start_time_seconds":"1712008431","unity_version":"2022.3.6f1","command_line_arguments":"C:\\Program Files\\Unity\\Hub\\Editor\\2022.3.6f1-x86_64\\Editor\\Unity.exe -projectpath C:\\Users\\kdsge\\OneDrive\\Documents\\UWE\\Year 3\\AT\\Semester 2\\Repo\\ML-DualTrained\\19007744-MLHummingbird -useHub -hubIPC -cloudEnvironment production -licensingIpc LicenseClient-kdsge -hubSessionId 525d4556-0616-464e-a387-8ab946634387 -accessToken qr4CDFBOWEy9KdhVPmGf5ed6hjJ5qd6zQSdcHEO8baQ005f","communication_protocol_version":"1.5.0","com.unity.ml-agents_version":"2.0.1","scene_name":"Training-Kart","end_time_seconds":"1712017978"}}