{
    "name": "root",
    "gauges": {
        "Kart.Policy.Entropy.mean": {
            "value": 1.323850154876709,
            "min": 1.3236395120620728,
            "max": 1.4189382791519165,
            "count": 500
        },
        "Kart.Policy.Entropy.sum": {
            "value": 13238.5009765625,
            "min": 9929.572265625,
            "max": 17505.91796875,
            "count": 500
        },
        "Kart.Step.mean": {
            "value": 4999896.0,
            "min": 9896.0,
            "max": 4999896.0,
            "count": 500
        },
        "Kart.Step.sum": {
            "value": 4999896.0,
            "min": 9896.0,
            "max": 4999896.0,
            "count": 500
        },
        "Kart.Policy.ExtrinsicValueEstimate.mean": {
            "value": 0.11391080915927887,
            "min": -0.04676952213048935,
            "max": 0.21586792171001434,
            "count": 500
        },
        "Kart.Policy.ExtrinsicValueEstimate.sum": {
            "value": 9.11286449432373,
            "min": -3.7415618896484375,
            "max": 17.269433975219727,
            "count": 500
        },
        "Kart.Environment.EpisodeLength.mean": {
            "value": 999.0,
            "min": 999.0,
            "max": 999.0,
            "count": 500
        },
        "Kart.Environment.EpisodeLength.sum": {
            "value": 9990.0,
            "min": 9990.0,
            "max": 9990.0,
            "count": 500
        },
        "Kart.Environment.CumulativeReward.mean": {
            "value": 5.0,
            "min": 0.0,
            "max": 5.0,
            "count": 500
        },
        "Kart.Environment.CumulativeReward.sum": {
            "value": 50.0,
            "min": 0.0,
            "max": 50.0,
            "count": 500
        },
        "Kart.Policy.ExtrinsicReward.mean": {
            "value": 5.0,
            "min": 0.0,
            "max": 5.0,
            "count": 500
        },
        "Kart.Policy.ExtrinsicReward.sum": {
            "value": 50.0,
            "min": 0.0,
            "max": 50.0,
            "count": 500
        },
        "Kart.IsTraining.mean": {
            "value": 1.0,
            "min": 1.0,
            "max": 1.0,
            "count": 500
        },
        "Kart.IsTraining.sum": {
            "value": 1.0,
            "min": 1.0,
            "max": 1.0,
            "count": 500
        },
        "Kart.Losses.PolicyLoss.mean": {
            "value": 0.017966990729716296,
            "min": 0.011838070720356579,
            "max": 0.025385632924735547,
            "count": 235
        },
        "Kart.Losses.PolicyLoss.sum": {
            "value": 0.017966990729716296,
            "min": 0.011838070720356579,
            "max": 0.025385632924735547,
            "count": 235
        },
        "Kart.Losses.ValueLoss.mean": {
            "value": 0.0005591574677964673,
            "min": 9.782742362555534e-07,
            "max": 0.07719881273806095,
            "count": 235
        },
        "Kart.Losses.ValueLoss.sum": {
            "value": 0.0005591574677964673,
            "min": 9.782742362555534e-07,
            "max": 0.07719881273806095,
            "count": 235
        },
        "Kart.Policy.LearningRate.mean": {
            "value": 3.696998768000034e-07,
            "min": 3.696998768000034e-07,
            "max": 0.0002987232004256,
            "count": 235
        },
        "Kart.Policy.LearningRate.sum": {
            "value": 3.696998768000034e-07,
            "min": 3.696998768000034e-07,
            "max": 0.0002987232004256,
            "count": 235
        },
        "Kart.Policy.Epsilon.mean": {
            "value": 0.10012320000000002,
            "min": 0.10012320000000002,
            "max": 0.19957440000000007,
            "count": 235
        },
        "Kart.Policy.Epsilon.sum": {
            "value": 0.10012320000000002,
            "min": 0.10012320000000002,
            "max": 0.19957440000000007,
            "count": 235
        },
        "Kart.Policy.Beta.mean": {
            "value": 1.614768000000005e-05,
            "min": 1.614768000000005e-05,
            "max": 0.004978762559999999,
            "count": 235
        },
        "Kart.Policy.Beta.sum": {
            "value": 1.614768000000005e-05,
            "min": 1.614768000000005e-05,
            "max": 0.004978762559999999,
            "count": 235
        }
    },
    "metadata": {
        "timer_format_version": "0.1.0",
        "start_time_seconds": "1712008416",
        "python_version": "3.7.16 (default, Jan 17 2023, 16:06:28) [MSC v.1916 64 bit (AMD64)]",
        "command_line_arguments": "C:\\Users\\kdsge\\anaconda3\\envs\\ML-Hummingbird\\Scripts\\mlagents-learn ./trainer_config.yaml --run-id kt_04",
        "mlagents_version": "0.29.0",
        "mlagents_envs_version": "0.29.0",
        "communication_protocol_version": "1.5.0",
        "pytorch_version": "1.13.1+cpu",
        "numpy_version": "1.21.2",
        "end_time_seconds": "1712017978"
    },
    "total": 9561.6268585,
    "count": 1,
    "self": 0.017303599999650032,
    "children": {
        "run_training.setup": {
            "total": 0.3595032000000007,
            "count": 1,
            "self": 0.3595032000000007
        },
        "TrainerController.start_learning": {
            "total": 9561.2500517,
            "count": 1,
            "self": 22.43922900031248,
            "children": {
                "TrainerController._reset_env": {
                    "total": 14.825099699999999,
                    "count": 1,
                    "self": 14.825099699999999
                },
                "TrainerController.advance": {
                    "total": 9523.84413539969,
                    "count": 500129,
                    "self": 11.82822359956117,
                    "children": {
                        "env_step": {
                            "total": 9512.015911800128,
                            "count": 500129,
                            "self": 6965.262746300721,
                            "children": {
                                "SubprocessEnvManager._take_step": {
                                    "total": 2535.079441499669,
                                    "count": 500129,
                                    "self": 50.15239779929789,
                                    "children": {
                                        "TorchPolicy.evaluate": {
                                            "total": 2484.927043700371,
                                            "count": 500129,
                                            "self": 447.4478790002645,
                                            "children": {
                                                "TorchPolicy.sample_actions": {
                                                    "total": 2037.4791647001066,
                                                    "count": 500129,
                                                    "self": 2037.4791647001066
                                                }
                                            }
                                        }
                                    }
                                },
                                "workers": {
                                    "total": 11.67372399973782,
                                    "count": 500129,
                                    "self": 0.0,
                                    "children": {
                                        "worker_root": {
                                            "total": 9522.693332099589,
                                            "count": 500129,
                                            "is_parallel": true,
                                            "self": 4186.547290699423,